,Submission id,Participant id,Status,Started at,Completed at,Reviewed at,Archived at,Time taken,Completion code,Total approvals,Fluent languages,Vision,Age,Sex,Ethnicity simplified,Country of birth,Country of residence,Nationality,Language,Student status,Employment status
0,63da42ca341fdbe69b0c363a,5e4a9e0ade1012000aa3de0e,APPROVED,2023-02-01T10:45:30.442000Z,2023-02-01T12:08:43.202000Z,2023-02-01T14:09:27.229000,2023-02-01T12:08:43.962073Z,4993,CJ8EQCN9,339,English,Yes,37,Male,Black,Nigeria,United Kingdom,United Kingdom,Afrikaans,DATA_EXPIRED,DATA_EXPIRED
1,63da42d215bbb006c7025507,5f5503435d41a489068ff50b,APPROVED,2023-02-01T10:45:38.135000Z,2023-02-01T11:47:48.958000Z,2023-02-01T14:16:57.087000,2023-02-01T11:47:49.352346Z,3731,CJ8EQCN9,355,"English, Italian",Yes,20,Male,White,Italy,Italy,Italy,Italian,Yes,Other
2,63da7de96a0fcb66ce0c5c5e,60317fc2c8f6320ecde4bcb3,APPROVED,2023-02-01T14:57:45.191000Z,2023-02-01T16:41:17.042000Z,2023-02-01T16:57:36.746000,2023-02-01T16:41:18.850353Z,6212,CJ8EQCN9,406,"English, Italian",Yes,29,Female,White,Italy,Italy,Italy,Italian,Yes,Unemployed (and job seeking)
3,63da7ec6d3032fd176c997d9,5f5c0a54a38ae61d4c3b5b4c,APPROVED,2023-02-01T15:01:26.334000Z,2023-02-01T16:37:07.862000Z,2023-02-01T17:05:29.328000,2023-02-01T16:37:08.289884Z,5742,CJ8EQCN9,244,"English, Portuguese",Yes,20,Male,White,Portugal,Portugal,Portugal,Portuguese,Yes,"Not in paid work (e.g. homemaker', 'retired or disabled)"
0,63da43f0f2bbabd9fc802dd6,5f2843ca47f0291234bda8a4,APPROVED,2023-02-01T10:50:37.383000Z,2023-02-01T11:45:58.176000Z,2023-02-01T14:27:54.861000,2023-02-01T11:45:58.653987Z,3321,CJ8EQCN9,332,"Italian, English",Yes,29,Male,White,Italy,Italy,Italy,Italian,Yes,Other
1,63da45dfb306c2f7795bdf2b,5f983f3b00bbab0c4b28149a,APPROVED,2023-02-01T10:58:39.726000Z,2023-02-01T11:56:58.255000Z,2023-02-01T14:36:06.064000,2023-02-01T11:56:58.676155Z,3499,CJ8EQCN9,395,"English, Portuguese",Yes,23,Female,White,Portugal,Portugal,Portugal,Portuguese,Yes,Unemployed (and job seeking)
2,63da7c7bd1d8b23ea2fb7704,5c573e54e9813700018acc31,APPROVED,2023-02-01T14:51:40.460000Z,2023-02-01T15:51:09.663000Z,2023-02-01T16:41:39.579000,2023-02-01T15:51:10.318661Z,3570,CJ8EQCN9,753,"English, Portuguese",Yes,29,Male,White,Portugal,Portugal,Portugal,Portuguese,Yes,Full-Time
3,63da7cafa8610a9ddf97b391,5b0710e7a84dcf0001beee8a,APPROVED,2023-02-01T14:52:36.216000Z,2023-02-01T15:49:19.742000Z,2023-02-01T16:49:27.447000,2023-02-01T15:49:20.121104Z,3404,CJ8EQCN9,1276,English,Yes,56,Female,Mixed,Singapore,United Kingdom,United Kingdom,English,No,Part-Time
0,63dd301295c2ccbf2bf6f606,5e61233d8f636e0228897cdd,APPROVED,2023-02-03T16:02:30.245000Z,2023-02-03T16:59:35.746000Z,2023-02-03T17:34:25.138000,2023-02-03T16:59:36.910534Z,3426,CJ8EQCN9,296,"English, Italian, Norwegian",Yes,26,Female,White,Italy,Italy,Italy,Italian,Yes,Unemployed (and job seeking)
1,63dd302888edb87a00f6f5f5,635274edf9fb7843c85d7bde,APPROVED,2023-02-03T16:04:27.947000Z,2023-02-03T17:39:18.331000Z,2023-02-03T17:46:06.907000,2023-02-03T17:39:18.979911Z,5691,CJ8EQCN9,11,"English, German",Yes,35,Female,White,United States,Germany,Germany,English,No,Unemployed (and job seeking)
2,63de8027bc73096dd4f82a77,56d7623f04c67d000c7b9de6,APPROVED,2023-02-04T15:58:17.186000Z,2023-02-04T16:57:51.916000Z,2023-02-04T17:34:13.208000,2023-02-04T16:57:52.372105Z,3575,NOCODE,557,English,Yes,33,Female,White,United Kingdom,United Kingdom,United Kingdom,English,Yes,Full-Time
3,63de84d61e611b4cf3d6699c,63ced4ebc2eff3a3a7c35b1e,APPROVED,2023-02-04T16:18:37.061000Z,2023-02-04T17:17:13.377000Z,2023-02-04T17:39:58.890000,2023-02-04T17:17:13.843813Z,3517,NOCODE,33,English,Yes,38,Male,White,United Kingdom,United Kingdom,United Kingdom,English,No,Full-Time
4,63df88375c8e81d7e9fdc73d,5e0791aaf87bca10992b82b2,APPROVED,2023-02-05T10:43:06.884000Z,2023-02-05T11:40:19.389000Z,2023-02-05T12:21:27.410000,2023-02-05T11:40:19.903231Z,3433,CJ8EQCN9,575,"French, Romanian, English",Yes,26,Female,White,Romania,United Kingdom,Romania,Romanian,Yes,Full-Time
5,63df88411136eed841b49570,5eeb58ec4c86582a76ff55ec,APPROVED,2023-02-05T10:43:16.138000Z,2023-02-05T11:59:08.792000Z,2023-02-05T12:27:41.592000,2023-02-05T11:59:09.406861Z,4553,NOCODE,928,English,Yes,26,Female,White,United Kingdom,United Kingdom,United Kingdom,English,No,Full-Time
6,63dfb7010122ef886f01ea59,5b5523d6d8348500012cfccf,APPROVED,2023-02-05T14:02:45.066000Z,2023-02-05T15:18:02.904000Z,2023-02-05T16:00:33.101000,2023-02-05T15:18:03.307049Z,4518,CJ8EQCN9,845,English,Yes,28,Male,Asian,United Kingdom,United Kingdom,United Kingdom,English,No,Unemployed (and job seeking)
7,63dfb701deb545de6f3abc0e,5e60f63ee6385a000bcbffc9,APPROVED,2023-02-05T14:05:52.426000Z,2023-02-05T15:06:42.479000Z,2023-02-05T16:06:00.622000,2023-02-05T15:06:42.936439Z,3651,CJ8EQCN9,932,"English, Italian, French, Spanish",Yes,37,Male,White,Italy,Italy,Italy,Italian,No,Full-Time
8,63e0da00a73f224ec0749972,5d7ebf9e93902b0001965912,APPROVED,2023-02-06T10:45:51.748000Z,2023-02-06T11:44:57.324000Z,2023-02-06T14:58:48.800000,2023-02-06T11:44:57.772146Z,3546,CJ8EQCN9,1147,English,Yes,38,Male,White,United Kingdom,United Kingdom,United Kingdom,English,Yes,Full-Time
9,63e0da01ebd62f760a573df6,5b97f2375612b30001acc4c9,APPROVED,2023-02-06T10:45:07.276000Z,2023-02-06T11:32:20.209000Z,2023-02-06T14:53:37.633000,2023-02-06T11:32:20.641004Z,2833,CJ8EQCN9,1445,English,Yes,41,Female,White,United Kingdom,United Kingdom,United Kingdom,English,No,Part-Time
10,63e116f6637358312a371cfa,5d1a69d8f97a18001977e0d7,APPROVED,2023-02-06T15:06:32.738000Z,2023-02-06T16:08:04.705000Z,2023-02-06T16:42:09.770000,2023-02-06T16:08:05.125188Z,3692,CJ8EQCN9,2437,English,Yes,46,Male,White,United Kingdom,United Kingdom,United Kingdom,English,No,Full-Time
11,63e116f8ff86489a9df8d5d0,5c0873675b32d500012e3f2c,APPROVED,2023-02-06T15:05:25.449000Z,2023-02-06T16:12:19.894000Z,2023-02-06T16:35:52.166000,2023-02-06T16:12:20.508999Z,4015,CJ8EQCN9,1879,English,Yes,60,Female,White,United Kingdom,United Kingdom,United Kingdom,English,No,"Not in paid work (e.g. homemaker', 'retired or disabled)"
12,63e228b63ce7110a41492553,5d25d05b7ad70e001bb2ff5e,APPROVED,2023-02-07T10:32:25.607000Z,2023-02-07T11:26:29.057000Z,2023-02-07T12:24:06.780000,2023-02-07T11:26:29.364571Z,3244,NOCODE,207,English,Yes,58,Female,White,United Kingdom,United Kingdom,United Kingdom,English,No,Other
13,63e228b81f4ce6a074f72428,559bbbdafdf99b7ce19d5b3d,APPROVED,2023-02-07T10:36:08.968000Z,2023-02-07T11:34:15.621000Z,2023-02-07T12:31:33.020000,2023-02-07T11:34:16.160721Z,3487,CJ8EQCN9,2669,English,Yes,38,Male,White,United Kingdom,United Kingdom,United Kingdom,English,No,Full-Time
14,63eba36e4a62314694922801,5e0e1b8800a6bf000a694f79,APPROVED,2023-02-14T15:06:30.506000Z,2023-02-14T16:15:49.157000Z,2023-02-14T17:50:50.066000,2023-02-14T16:15:52.082246Z,4159,CJ8EQCN9,2425,English,Yes,29,Female,White,United States,United States,United States,English,No,Full-Time
15,63eba36f230bdc130ea81cf5,55d35447da14d7000e95318f,APPROVED,2023-02-14T15:06:30.394000Z,2023-02-14T16:02:40.247000Z,2023-02-14T17:47:00.454000,2023-02-14T16:02:40.745553Z,3370,NOCODE,2621,"Chinese, English",Yes,35,Male,White,United States,United States,United States,English,No,Full-Time
16,63eba36f435ac18cf0aca4c1,5f11c9f84078cd0888177499,APPROVED,2023-02-14T15:10:09.461000Z,2023-02-14T16:19:32.701000Z,2023-02-14T17:53:34.586000,2023-02-14T16:19:33.211859Z,4164,CJ8EQCN9,68,"Portuguese, English",Yes,22,Male,White,Portugal,Portugal,Portugal,Portuguese,Yes,"Not in paid work (e.g. homemaker', 'retired or disabled)"
0,63dd30909aea59c960571f26,616597ecca6e8d930673b1e4,APPROVED,2023-02-03T16:04:34.646000Z,2023-02-03T17:09:21.287000Z,2023-02-03T17:29:05.003000,2023-02-03T17:09:22.695923Z,3887,NOCODE,202,"English, Portuguese, Spanish, French",Yes,24,Male,White,Portugal,Portugal,Portugal,Portuguese,Yes,Part-Time
1,63dd30a8ca61ef7933e3949a,60f47600a931759ef3d1a505,APPROVED,2023-02-03T16:04:59.177000Z,2023-02-03T16:54:17.560000Z,2023-02-03T17:14:41.471000,2023-02-03T16:54:19.807025Z,2959,CJ8EQCN9,53,"English, Portuguese",Yes,20,Male,White,Portugal,Portugal,Portugal,Portuguese,Yes,Other
2,63de7fbbc16bbb8408fdc749,59dbbdce5de9b000017ebf19,APPROVED,2023-02-04T15:55:20.724000Z,2023-02-04T17:16:21.625000Z,2023-02-04T17:29:40.669000,2023-02-04T17:16:22.129467Z,4861,CJ8EQCN9,380,"English, Spanish, Portuguese",Yes,27,Male,White,Portugal,Portugal,Portugal,Portuguese,Yes,Due to start a new job within the next month
3,63de7fbe97a865987baab4af,5eaa9250557519012c296463,APPROVED,2023-02-04T15:54:38.502000Z,2023-02-04T16:45:22.964000Z,2023-02-04T17:21:16.749000,2023-02-04T16:45:23.567810Z,3045,NOCODE,538,"Basque, Catalan, English, Spanish",Yes,29,Male,White,Spain,Spain,Spain,Basque,No,Full-Time
4,63df8890209a102de474996a,5ca9f8926025570001c872f3,APPROVED,2023-02-05T10:44:32.002000Z,2023-02-05T11:34:34.952000Z,2023-02-05T12:38:09.061000,2023-02-05T11:34:35.330354Z,3003,CJ8EQCN9,1707,English,Yes,54,Male,White,United Kingdom,United Kingdom,United Kingdom,English,DATA_EXPIRED,DATA_EXPIRED
5,63df889075164f10c3e5b061,5b421b9ac2e3810001763252,APPROVED,2023-02-05T10:44:47.135000Z,2023-02-05T11:49:06.473000Z,2023-02-05T12:44:34.142000,2023-02-05T11:49:07.039808Z,3860,CJ8EQCN9,1705,English,Yes,35,Female,Mixed,United Kingdom,United Kingdom,United Kingdom,English,No,Part-Time
6,63dfb7dbc436db7fb101ea6e,5c5cad3e4ee81200018eafe2,APPROVED,2023-02-05T14:06:19.422000Z,2023-02-05T15:11:39.987000Z,2023-02-05T16:11:10.940000,2023-02-05T15:11:40.453703Z,3921,NOCODE,2714,English,Yes,71,Female,White,United Kingdom,United Kingdom,United Kingdom,English,No,Full-Time
7,63dfb7e16aacf3fbf828a788,5d5193ce23e3ae0001f5f262,APPROVED,2023-02-05T14:08:03.744000Z,2023-02-05T15:05:29.143000Z,2023-02-05T16:20:21.636000,2023-02-05T15:05:29.484255Z,3446,CJ8EQCN9,376,"English, Finnish",Yes,30,Male,White,Finland,Finland,Finland,Finnish,No,Unemployed (and job seeking)
8,63e0d98e4a86572d5fa134c7,5ad63c167f70c10001904bc5,APPROVED,2023-02-06T10:42:26.776000Z,2023-02-06T12:29:29.563000Z,2023-02-06T14:49:06.180000,2023-02-06T12:29:40.364784Z,6423,CJ8EQCN9,644,"English, Italian",Yes,24,Female,White,Italy,Italy,Italy,Italian,Yes,Other
9,63e0e6560a9785a20dc1d80c,5f4e97aae4fe380a7bad99c7,APPROVED,2023-02-06T11:36:54.310000Z,2023-02-06T12:23:09.868000Z,2023-02-06T14:30:44.916000,2023-02-06T12:23:10.237867Z,2776,CJ8EQCN9,490,"English, Portuguese",Yes,25,Male,White,Portugal,Portugal,Portugal,Portuguese,Yes,"Not in paid work (e.g. homemaker', 'retired or disabled)"
10,63e1178bdfdb99f309ab8916,5db050bee16e28001752bc92,APPROVED,2023-02-06T15:09:37.385000Z,2023-02-06T16:10:28.312000Z,2023-02-06T16:48:05.745000,2023-02-06T16:10:29.028344Z,3651,CJ8EQCN9,655,"English, Hindi, German",Yes,30,Male,Asian,India,Germany,India,English,No,Full-Time
11,63e118d65dc05dffa7e235bf,5d68c8aa40524c00189e8ac2,APPROVED,2023-02-06T15:12:36.637000Z,2023-02-06T16:16:02.116000Z,2023-02-06T16:54:23.918000,2023-02-06T16:16:02.703407Z,3806,CJ8EQCN9,2206,English,Yes,31,Male,White,United Kingdom,United Kingdom,United Kingdom,English,No,Full-Time
12,63e22a140d58013206903060,610a879e6500d1d653b3da54,APPROVED,2023-02-07T10:38:29.027000Z,2023-02-07T11:42:45.126000Z,2023-02-07T12:43:34.876000,2023-02-07T11:42:45.502689Z,3857,CJ8EQCN9,970,English,Yes,55,Male,White,United Kingdom,United Kingdom,United Kingdom,English,No,"Not in paid work (e.g. homemaker', 'retired or disabled)"
13,63e22b4a7d65fc557fb5a51a,571de12713b1b70012be47f6,APPROVED,2023-02-07T10:48:32.696000Z,2023-02-07T11:53:12.598000Z,2023-02-07T12:37:40.848000,2023-02-07T11:53:13.097005Z,3880,CJ8EQCN9,2997,English,Yes,67,Male,Asian,India,United Kingdom,United Kingdom,English,DATA_EXPIRED,DATA_EXPIRED
14,63eba5806e7e68e3f7642808,566feba6b937e400052d33b2,APPROVED,2023-02-14T15:15:56.095000Z,2023-02-14T16:06:46.980000Z,2023-02-14T17:42:57.955000,2023-02-14T16:06:47.486674Z,3051,CJ8EQCN9,3252,English,Yes,41,Male,White,United Kingdom,United Kingdom,United Kingdom,English,DATA_EXPIRED,DATA_EXPIRED
15,63eba58070dd098dd91b1515,58c62eac444ade00010231a9,APPROVED,2023-02-14T15:15:49.763000Z,2023-02-14T16:14:39.950000Z,2023-02-14T17:39:34.098000,2023-02-14T16:14:40.361938Z,3531,NOCODE,1348,"English, French, Spanish, Italian",Yes,55,Male,White,Italy,Italy,Italy,Italian,No,Full-Time
16,63eba580a713bb954fef6da4,5e6e0ba33c76d23b3521aeac,APPROVED,2023-02-14T15:15:24.163000Z,2023-02-14T17:09:07.632000Z,2023-02-14T17:36:46.954000,2023-02-14T17:09:08.271581Z,6824,CJ8EQCN9,1021,English,Yes,35,Male,White,United Kingdom,United Kingdom,United Kingdom,English,DATA_EXPIRED,DATA_EXPIRED
0,63ea0f08d41d6b1c6ba0c87e,603fd2eb4f825f118c955c88,APPROVED,2023-02-13T10:21:03.118000Z,2023-02-13T11:29:08.446000Z,2023-02-14T16:00:09.963000,2023-02-13T11:29:08.890454Z,4086,CJ8EQCN9,513,English,Yes,47,Female,White,United Kingdom,United Kingdom,United Kingdom,English,No,"Not in paid work (e.g. homemaker', 'retired or disabled)"
1,63ea0f0a4af48a719f3f5788,5c0436da4e1b7b00016ab8b4,APPROVED,2023-02-13T10:21:07.704000Z,2023-02-13T11:14:11.915000Z,2023-02-14T16:03:51.305000,2023-02-13T11:14:12.304309Z,3185,CJ8EQCN9,454,"Polish, English",Yes,42,Male,White,Poland,United Kingdom,Poland,Polish,DATA_EXPIRED,DATA_EXPIRED
2,63ea0f33750994601613d802,605272be8568b6160f582f2e,APPROVED,2023-02-13T10:24:59.495000Z,2023-02-13T12:01:15.573000Z,2023-02-14T16:16:01.439000,2023-02-13T12:01:15.923684Z,5777,CJ8EQCN9,221,"Portuguese, English",Yes,25,Female,White,Portugal,Portugal,Portugal,Portuguese,Yes,Part-Time
3,63ea0f84bfb5a2debd5600eb,5f9870b69714b013c6293f90,APPROVED,2023-02-13T10:23:24.683000Z,2023-02-13T11:18:02.796000Z,2023-02-14T16:07:37.319000,2023-02-13T11:18:03.179166Z,3279,CJ8EQCN9,33,"English, Italian",Yes,25,Female,White,Italy,Italy,Italy,Italian,No,Other
4,63ea0fca34ae7760f9accd05,5e762510b2dbac0009c68dd7,APPROVED,2023-02-13T10:24:10.429000Z,2023-02-13T11:33:13.612000Z,2023-02-14T16:11:10.150000,2023-02-13T11:33:13.984401Z,4144,CJ8EQCN9,1044,English,Yes,54,Female,Black,Nigeria,United Kingdom,United Kingdom,English,No,Other
5,63ea1623db5cc0b94fc78be7,611bb2a6d9678117db737236,APPROVED,2023-02-13T10:51:21.665000Z,2023-02-13T12:05:32.641000Z,2023-02-14T16:22:06.414000,2023-02-13T12:05:33.214386Z,4451,CJ8EQCN9,385,"Catalan, English, Spanish",Yes,23,Male,White,Spain,Spain,Spain,Catalan,No,Full-Time
6,63eb6610b2f343ad806430ec,5780d9a1900cc80001d2d1c2,APPROVED,2023-02-14T10:44:41.567000Z,2023-02-14T11:42:29.662000Z,2023-02-14T16:29:30.584000,2023-02-14T11:42:30.173889Z,3469,NOCODE,2222,English,Yes,66,Male,White,United Kingdom,United Kingdom,United Kingdom,English,No,"Not in paid work (e.g. homemaker', 'retired or disabled)"
7,63eb66115b48f3bb3f8a489b,6089cd0a1c1541c29bb34c73,APPROVED,2023-02-14T10:44:39.229000Z,2023-02-14T11:45:49.211000Z,2023-02-14T16:25:49.998000,2023-02-14T11:45:49.601780Z,3670,CJ8EQCN9,706,"Arabic, French, English, Spanish",Yes,31,Male,White,Algeria,Spain,Algeria,French,DATA_EXPIRED,DATA_EXPIRED
8,63eb66115cf6886065cf621f,6098000de6e5af4368f40718,APPROVED,2023-02-14T10:54:20.300000Z,2023-02-14T11:54:13.016000Z,2023-02-14T16:32:43.774000,2023-02-14T11:54:14.694148Z,3593,CJ8EQCN9,60,"Portuguese, Spanish, English",Yes,23,Male,White,Portugal,Portugal,Portugal,Portuguese,Yes,Part-Time
9,63eca1f2d3e4dbedfef25634,57acc170c6bab4000172a42e,APPROVED,2023-02-15T09:14:40.263000Z,2023-02-15T10:04:44.738000Z,2023-02-15T15:37:40.384000,2023-02-15T10:04:45.293546Z,3005,CJ8EQCN9,984,English,Yes,31,Female,White,United Kingdom,United Kingdom,United Kingdom,English,DATA_EXPIRED,DATA_EXPIRED
10,63eca1f30537151008d8fb03,5cb20f2d7c917b00172dfef5,APPROVED,2023-02-15T09:16:04.397000Z,2023-02-15T10:09:52.590000Z,2023-02-15T15:40:53.092000,2023-02-15T10:09:54.821803Z,3229,NOCODE,1560,"English, German",Yes,47,Male,White,Germany,United Kingdom,United Kingdom,English,DATA_EXPIRED,DATA_EXPIRED
11,63eca1f4f5ce28bed2ef6df0,59b555702a78fd00010b86d4,APPROVED,2023-02-15T09:12:20.840000Z,2023-02-15T10:00:12.800000Z,2023-02-15T14:57:57.348000,2023-02-15T10:00:13.227098Z,2872,NOCODE,786,English,Yes,24,Male,White,United Kingdom,United Kingdom,United Kingdom,English,No,"Not in paid work (e.g. homemaker', 'retired or disabled)"
0,63ea0dbabf2a35f5e4c78ba5,62b2c25fa2e87e7ed2da2b87,APPROVED,2023-02-13T10:18:46.842000Z,2023-02-13T11:11:04.164000Z,2023-02-14T17:01:19.422000,2023-02-13T11:11:04.566706Z,3138,CJ8EQCN9,1183,English,Yes,30,Male,Asian,United States,United States,United States,English,No,Unemployed (and job seeking)
1,63ea0dc7e7fe5d32aaca2c83,6131f6711c0d96f6f1fb04af,APPROVED,2023-02-13T10:15:35.161000Z,2023-02-13T11:20:57.081000Z,2023-02-14T16:55:03.395000,2023-02-13T11:20:57.772673Z,3922,NOCODE,433,"Danish, English, Italian, Spanish, French",Yes,33,Male,White,Romania,United Kingdom,DATA_EXPIRED,Romanian,DATA_EXPIRED,DATA_EXPIRED
2,63ea0dcfa4994eefe1f35f6b,6122555ae1a7fe434c1d8d91,APPROVED,2023-02-13T10:15:46.928000Z,2023-02-13T11:28:07.038000Z,2023-02-14T16:58:03.066000,2023-02-13T11:28:07.439863Z,4341,CJ8EQCN9,164,"English, Portuguese",Yes,24,Female,White,Portugal,Portugal,Portugal,Portuguese,DATA_EXPIRED,DATA_EXPIRED
3,63ea0e8267017af130d6c5a5,5d0c1fd958b4040001b67b83,APPROVED,2023-02-13T10:19:12.551000Z,2023-02-13T11:09:33.808000Z,2023-02-14T17:04:49.296000,2023-02-13T11:09:34.222907Z,3022,NOCODE,17,"English, Japanese",Yes,26,Male,Asian,Canada,Canada,Korea,Korean,No,Other
4,63ea110eeabda0c750c78b9c,5e92f26b444572122fdfe44d,APPROVED,2023-02-13T10:29:34.994000Z,2023-02-13T11:32:06.338000Z,2023-02-14T17:15:29.792000,2023-02-13T11:32:06.694822Z,3752,CJ8EQCN9,630,"English, French, Portuguese, Spanish",Yes,35,Male,White,Portugal,Portugal,Portugal,English,No,DATA_EXPIRED
5,63ea135074a2768e54ca2c92,5ff81ab8d6f3fa546efbad4e,APPROVED,2023-02-13T10:39:12.020000Z,2023-02-13T11:43:47.255000Z,2023-02-14T17:18:17.198000,2023-02-13T11:43:47.871960Z,3876,CJ8EQCN9,160,"English, Portuguese",Yes,27,Female,White,Portugal,Portugal,Portugal,Portuguese,No,Full-Time
6,63eb656bc80d2ebf767cdad1,63d6d82c373e6d874185cfb9,APPROVED,2023-02-14T10:45:02.870000Z,2023-02-14T11:40:38.814000Z,2023-02-14T17:31:10.241000,2023-02-14T11:40:39.236509Z,3336,CJ8EQCN9,34,"Dutch, English",Yes,25,Male,White,Netherlands,Netherlands,Netherlands,Dutch,Yes,Full-Time
7,63eb656c5013b7fc7b8080f2,637fefef5c620e2f66047f28,APPROVED,2023-02-14T10:41:48.168000Z,2023-02-14T11:44:10.313000Z,2023-02-14T17:22:25.809000,2023-02-14T11:44:10.643818Z,3743,CJ8EQCN9,124,"English, Lithuanian, Russian",Yes,29,Male,White,Lithuania,United Kingdom,Lithuania,Russian,No,Part-Time
8,63eb656cffe6797f5de49c69,5ed02ffb8090240f93ab74ad,APPROVED,2023-02-14T10:42:02.796000Z,2023-02-14T12:50:32.599000Z,2023-02-14T17:28:25.925000,2023-02-14T12:50:33.128066Z,7710,CJ8EQCN9,463,"English, Spanish",Yes,23,Female,White,Spain,Spain,Spain,Spanish,Yes,Other
9,63eca8f6fe6061bfce52278e,604b169fe4b7991ec08da3a6,APPROVED,2023-02-15T09:42:14.733000Z,2023-02-15T11:10:57.723000Z,2023-02-15T15:47:50.928000,2023-02-15T11:10:58.241850Z,5323,CJ8EQCN9,1491,"English, German",Yes,31,Male,White,Russian Federation,Germany,Germany,German,No,Full-Time
10,63eca8f7c1bda6e0a72a7c30,5b88002a7bb9e90001f0703f,APPROVED,2023-02-15T09:42:17.816000Z,2023-02-15T10:28:35.934000Z,2023-02-15T15:51:52.750000,2023-02-15T10:28:36.312576Z,2779,CJ8EQCN9,1127,English,Yes,38,Male,White,United Kingdom,United Kingdom,United Kingdom,English,No,"Not in paid work (e.g. homemaker', 'retired or disabled)"
11,63eca8f8f55e64de4b1b14e3,57dd3b0e91b7fc0001493db9,APPROVED,2023-02-15T09:43:22.534000Z,2023-02-15T10:37:53.709000Z,2023-02-15T15:56:39.149000,2023-02-15T10:37:54.059290Z,3272,CJ8EQCN9,1247,English,Yes,34,Male,White,United Kingdom,United Kingdom,United Kingdom,English,No,Full-Time
0,63ed048e873ca4765fdb4358,603cda0428bb60ad9dc80260,APPROVED,2023-02-15T16:13:14.852000Z,2023-02-15T17:11:03.675000Z,2023-02-15T17:32:27.227000,2023-02-15T17:11:20.385051Z,3469,CJ8EQCN9,96,"Portuguese, English",Yes,20,Male,White,Portugal,Portugal,Portugal,Portuguese,Yes,"Not in paid work (e.g. homemaker', 'retired or disabled)"
1,63ed04b3de1d41b2f0e999ff,5f315af6d221ae0e7843dc13,APPROVED,2023-02-15T16:13:39.335000Z,2023-02-15T17:08:39.486000Z,2023-02-15T17:36:43.924000,2023-02-15T17:08:40.725642Z,3301,63ed04b3de1d41b2f0e999ff,705,"English, Portuguese",Yes,20,Male,White,Portugal,Portugal,United States,Portuguese,DATA_EXPIRED,DATA_EXPIRED
2,63ed04ba3753506ba0f2630a,6148afc156c049b69cde0d5e,APPROVED,2023-02-15T16:14:03.464000Z,2023-02-15T17:26:19.803000Z,2023-02-15T17:40:30.093000,2023-02-15T17:26:22.656236Z,4337,CJ8EQCN9,142,"Catalan, English, Italian, Spanish",Yes,20,Female,White,Spain,Spain,Spain,Catalan,Yes,Part-Time
3,63ede567a6e60b5da72b664e,5d373c58d8bf24001dc16884,APPROVED,2023-02-16T08:12:23.534000Z,2023-02-16T10:09:24.531000Z,2023-02-16T12:56:33.410000,2023-02-16T10:09:24.946522Z,7021,NOCODE,603,English,Yes,27,Female,White,Spain,Spain,Spain,Spanish,No,Other
4,63ede5b22ddb75214a08f359,5e75e37c0a52831469c2eb53,APPROVED,2023-02-16T08:13:44.483000Z,2023-02-16T09:12:38.880000Z,2023-02-16T13:11:14.635000,2023-02-16T09:12:39.237733Z,3535,NOCODE,612,"Lithuanian, English",Yes,28,Male,White,Lithuania,Spain,Lithuania,Lithuanian,No,Full-Time
5,63edf37d83631f1f2ce7bb88,638070625c26e262f2163254,APPROVED,2023-02-16T09:12:57.380000Z,2023-02-16T10:08:18.974000Z,2023-02-16T13:14:46.137000,2023-02-16T10:08:19.562628Z,3322,NOCODE,161,English,Yes,63,Male,White,United Kingdom,United Kingdom,United Kingdom,English,No,Part-Time
6,63edf37e7f1fc5fd98cd2dd7,614ae1ff6ce7323ce438fe37,APPROVED,2023-02-16T09:13:31.473000Z,2023-02-16T10:27:19.955000Z,2023-02-16T13:18:51.070000,2023-02-16T10:27:20.296548Z,4429,CJ8EQCN9,212,English,Yes,30,Female,White,Ireland,United Kingdom,Ireland,English,Yes,Part-Time
7,63ee0164ac373d3cce573200,5df50a49a98a7a3924e4137e,APPROVED,2023-02-16T10:18:23.231000Z,2023-02-16T11:37:35.065000Z,2023-02-16T13:26:13.611000,2023-02-16T11:37:35.535675Z,4752,CJ8EQCN9,593,"English, Portuguese",Yes,25,Male,White,Portugal,Portugal,Portugal,Portuguese,Yes,Unemployed (and job seeking)
8,63ee0168a452b58a04cb0eec,62fcabf17fc3d7ef0952fb6c,APPROVED,2023-02-16T10:12:33.435000Z,2023-02-16T11:02:03.823000Z,2023-02-16T13:22:36.587000,2023-02-16T11:02:04.206067Z,2971,CJ8EQCN9,210,English,Yes,26,Male,White,United Kingdom,United Kingdom,United Kingdom,English,DATA_EXPIRED,Full-Time
0,63ecfd9a5679c0226ce6dc0d,60197530194e72083ebeacc3,APPROVED,2023-02-15T15:43:43.488000Z,2023-02-15T16:35:15.212000Z,2023-02-15T17:20:51.528000,2023-02-15T16:35:15.623139Z,3092,CJ8EQCN9,81,"English, Italian, Spanish",Yes,23,Female,White,Italy,Italy,Italy,Italian,Yes,Unemployed (and job seeking)
1,63ecfda4d937c35dfbe4f0e4,5ee3e800e1640f0bedd43489,APPROVED,2023-02-15T15:43:43.806000Z,2023-02-15T16:49:27.153000Z,2023-02-15T17:25:03.507000,2023-02-15T16:49:31.581622Z,3944,NOCODE,113,"English, Portuguese, Spanish",Yes,22,Female,White,Portugal,Portugal,Portugal,Portuguese,Yes,Full-Time
2,63ecfdc374b37aaf596b3919,5ee623674afa60375e30eec3,APPROVED,2023-02-15T15:44:03.860000Z,2023-02-15T16:36:08.841000Z,2023-02-15T17:28:59.861000,2023-02-15T16:36:09.337359Z,3125,CJ8EQCN9,270,"English, Portuguese",Yes,25,Female,White,Portugal,Portugal,Portugal,Portuguese,Yes,Other
3,63edec8637a0538080256744,597753716721f5000122608f,APPROVED,2023-02-16T08:42:48.006000Z,2023-02-16T10:04:04.258000Z,2023-02-16T13:33:13.682000,2023-02-16T10:04:04.642229Z,4877,NOCODE,190,"English, Galician, Portuguese, Spanish",Yes,30,Female,White,Spain,France,Spain,Spanish,No,Full-Time
4,63edec8a2605406a22f0cad3,6310a3ffc3b0a98b26445843,APPROVED,2023-02-16T08:43:24.323000Z,2023-02-16T10:04:23.794000Z,2023-02-16T13:37:08.577000,2023-02-16T10:04:24.207634Z,4860,CJ8EQCN9,206,"English, Dutch",Yes,28,Male,White,Netherlands,Netherlands,Netherlands,Dutch,No,Full-Time
5,63edfb1925babd9ab1c78978,604e7009ec21c0e9b6990c6f,APPROVED,2023-02-16T09:45:08.708000Z,2023-02-16T10:36:28.455000Z,2023-02-16T13:45:06.809000,2023-02-16T10:36:28.880929Z,3080,CJ8EQCN9,240,English,Yes,31,Female,White,United Kingdom,United Kingdom,United Kingdom,English,No,Full-Time
6,63edfb1a63f8a38c3c26a63a,63d7c49b6034452ab6c2a7e8,APPROVED,2023-02-16T09:45:01.991000Z,2023-02-16T10:47:37.639000Z,2023-02-16T13:41:09.797000,2023-02-16T10:47:38.059351Z,3756,63edfb1a63f8a38c3c26a63a,48,"English, Italian",Yes,32,Male,White,Italy,United Kingdom,Italy,English,No,Full-Time
7,63ee087c8c189eb53ccb0f07,604b169fe4b7991ec08da3a6,APPROVED,2023-02-16T10:42:04.883000Z,2023-02-16T12:55:00.277000Z,2023-02-16T13:50:04.360000,2023-02-16T12:55:00.823867Z,7976,NOCODE,1496,"English, German",Yes,31,Male,White,Russian Federation,Germany,Germany,German,No,Full-Time
8,63ee087e22ffe92e035731bc,63d7cd776c3b50b48eabd288,APPROVED,2023-02-16T10:49:12.694000Z,2023-02-16T11:42:40.119000Z,2023-02-16T13:55:42.538000,2023-02-16T11:42:40.480501Z,3208,CJ8EQCN9,26,English,Yes,25,Male,White,United Kingdom,United Kingdom,United Kingdom,English,No,Unemployed (and job seeking)
0,63ef371745910a924ffbbd41,5f2c5f0fafada410f1c45107,APPROVED,2023-02-17T08:13:11.934000Z,2023-02-17T09:17:39.630000Z,2023-02-17T13:43:02.593000,2023-02-17T09:17:39.963069Z,3868,CJ8EQCN9,364,"English, Spanish",Yes,34,Female,Other,"Venezuela, Bolivarian Republic of",Sweden,"Venezuela, Bolivarian Republic of",Spanish,Yes,Full-Time
1,63ef3737b7b1e5ab9a2452b6,5ef0a462ebe9a7092d6bb28d,APPROVED,2023-02-17T08:13:43.719000Z,2023-02-17T10:13:58.641000Z,2023-02-17T13:51:27.418000,2023-02-17T10:13:59.000787Z,7215,CJ8EQCN9,223,"English, Italian",Yes,39,Female,White,Italy,Italy,Italy,Italian,No,Full-Time
2,63ef44f02e0aed4b426d8b92,58945874b5496d00018cfe1c,APPROVED,2023-02-17T09:12:57.307000Z,2023-02-17T10:16:18.567000Z,2023-02-17T14:34:05.106000,2023-02-17T10:16:18.953450Z,3802,CJ8EQCN9,1626,English,Yes,46,Female,White,United Kingdom,United Kingdom,United Kingdom,English,No,"Not in paid work (e.g. homemaker', 'retired or disabled)"
3,63ef44f0f9af44d4018a065c,6135310c4bf7b53d091feb53,APPROVED,2023-02-17T09:12:49.768000Z,2023-02-17T10:10:22.645000Z,2023-02-17T13:55:33.348000,2023-02-17T10:10:23.047127Z,3453,CJ8EQCN9,823,English,Yes,42,Female,White,United Kingdom,United Kingdom,United Kingdom,English,No,Part-Time
4,63ef52fd349b794670dedf0c,632073c299a043bc2071e4f7,APPROVED,2023-02-17T10:12:27.494000Z,2023-02-17T11:10:32.541000Z,2023-02-17T14:38:40.212000,2023-02-17T11:10:33.183253Z,3486,CJ8EQCN9,159,English,Yes,29,Male,White,United Kingdom,United Kingdom,United Kingdom,English,No,Full-Time
5,63ef52ff95f7e3841e25ffd5,628deac8711dee5dbda650ae,APPROVED,2023-02-17T10:18:40.998000Z,2023-02-17T11:27:38.044000Z,2023-02-17T14:43:11.074000,2023-02-17T11:27:38.526741Z,4138,CJ8EQCN9,1143,English,Yes,30,Male,White,United States,United States,United States,English,No,Full-Time
0,63ef3ed3ce359e20c3a2a14b,5adf6992dee8590001b060a8,APPROVED,2023-02-17T08:46:11.366000Z,2023-02-17T09:35:19.969000Z,2023-02-17T14:47:53.752000,2023-02-17T09:35:20.363014Z,2949,CJ8EQCN9,372,"Italian, English",Yes,30,Male,White,Italy,Italy,Italy,Italian,No,Unemployed (and job seeking)
1,63ef40678adc9a1241fbbd70,603259f5a5c8a321c9f3baab,APPROVED,2023-02-17T08:52:58.902000Z,2023-02-17T09:49:11.253000Z,2023-02-17T14:50:52.822000,2023-02-17T09:49:11.577369Z,3373,CJ8EQCN9,138,"English, Portuguese",Yes,35,Female,White,Portugal,Portugal,Portugal,Portuguese,No,Full-Time
2,63ef4bf320fd4176d401eda6,62da689228c4a8004c8d789d,APPROVED,2023-02-17T09:42:20.396000Z,2023-02-17T10:34:46.969000Z,2023-02-17T14:53:41.878000,2023-02-17T10:34:47.448725Z,3147,CJ8EQCN9,191,"Chinese, English, Malay",Yes,26,Female,Asian,Malaysia,United Kingdom,Malaysia,English,No,Full-Time
3,63ef4bf37aecd89b52871f5e,63c5335da2b625ab1ade7e7c,APPROVED,2023-02-17T09:44:00.373000Z,2023-02-17T11:36:06.384000Z,2023-02-17T14:56:34.731000,2023-02-17T11:36:07.169170Z,6727,CJ8EQCN9,50,"English, Italian",Yes,23,Female,White,Italy,Germany,Italy,Italian,No,Full-Time
4,63ef5a0b32b4f0a7a5f7f70c,5e440e4f19962228cf949247,APPROVED,2023-02-17T10:42:19.876000Z,2023-02-17T11:40:47.888000Z,2023-02-17T15:02:39.496000,2023-02-17T11:40:48.420047Z,3509,CJ8EQCN9,582,"French, English",Yes,35,Male,White,France,France,France,French,No,Full-Time
5,63ef5a0ce53b4c1976e356a7,5fbbf3f438be4c025df6cdd4,APPROVED,2023-02-17T10:42:25.197000Z,2023-02-17T11:42:07.199000Z,2023-02-17T15:07:00.042000,2023-02-17T11:42:07.682043Z,3583,CJ8EQCN9,357,"Italian, English",Yes,30,Male,White,Italy,Italy,Italy,Italian,Yes,Part-Time
